<?xml version='1.0' encoding='utf-8' standalone='yes' ?>
<map>
    <long name="OS_LAST_LOCATION_TIME" value="1756868264121" />
    <string name="MODEL_STORE_operations">[]</string>
    <string name="MODEL_STORE_session">[{&quot;id&quot;:&quot;-singleton-&quot;,&quot;isValid&quot;:true,&quot;sessionId&quot;:&quot;dfcf0c40-72a6-476f-a398-846f99a985f9&quot;,&quot;startTime&quot;:1764471562610,&quot;focusTime&quot;:1756868374517,&quot;activeDuration&quot;:6558}]</string>
    <string name="PREFS_OS_ETAG_PREFIX_CACHE_KEY_REMOTE_PARAMS">W/&quot;e05cc4424ccd26011db4e1fdc7bf72f5&quot;</string>
    <string name="MODEL_STORE_identity">[{&quot;onesignal_id&quot;:&quot;ebbb67fc-8ff3-48ec-bcb5-2cb3907ca74d&quot;,&quot;id&quot;:&quot;-singleton-&quot;}]</string>
    <string name="PREFS_OS_HTTP_CACHE_PREFIX_CACHE_KEY_REMOTE_PARAMS">{&quot;awl_list&quot;:{},&quot;android_sender_id&quot;:&quot;485619996152&quot;,&quot;chnl_lst&quot;:[],&quot;outcomes&quot;:{&quot;direct&quot;:{&quot;enabled&quot;:false},&quot;indirect&quot;:{&quot;notification_attribution&quot;:{&quot;minutes_since_displayed&quot;:60,&quot;limit&quot;:10},&quot;enabled&quot;:false},&quot;unattributed&quot;:{&quot;enabled&quot;:false}},&quot;receive_receipts_enable&quot;:false}</string>
    <string name="MODEL_STORE_properties">[{&quot;onesignalId&quot;:&quot;ebbb67fc-8ff3-48ec-bcb5-2cb3907ca74d&quot;,&quot;country&quot;:&quot;IN&quot;,&quot;language&quot;:&quot;en&quot;,&quot;timezone&quot;:&quot;Asia\/Kolkata&quot;,&quot;id&quot;:&quot;-singleton-&quot;}]</string>
    <string name="MODEL_STORE_config">[{&quot;id&quot;:&quot;-singleton-&quot;,&quot;appId&quot;:&quot;4662bbdf-f0ab-4141-87e0-8cbe73692492&quot;,&quot;backgroundFetchNotificationPermissionInterval&quot;:86400000,&quot;foregroundFetchNotificationPermissionInterval&quot;:1000,&quot;pushSubscriptionId&quot;:&quot;ea3305a6-5744-4de1-9ab1-0ebb27df0c02&quot;,&quot;fcmParams&quot;:{},&quot;opRepoExecutionInterval&quot;:5000,&quot;httpGetTimeout&quot;:60000,&quot;apiUrl&quot;:&quot;https:\/\/api.onesignal.com\/&quot;,&quot;influenceParams&quot;:{&quot;indirectNotificationAttributionWindow&quot;:60,&quot;isUnattributedEnabled&quot;:false,&quot;indirectIAMAttributionWindow&quot;:1440,&quot;notificationLimit&quot;:10,&quot;isDirectEnabled&quot;:false,&quot;isIndirectEnabled&quot;:false},&quot;httpTimeout&quot;:120000,&quot;restoreTTLFilter&quot;:true,&quot;isInitializedWithRemote&quot;:true,&quot;notificationChannels&quot;:&quot;[]&quot;,&quot;googleProjectNumber&quot;:&quot;485619996152&quot;,&quot;receiveReceiptEnabled&quot;:false}]</string>
    <set name="PREFS_OS_UNATTRIBUTED_UNIQUE_OUTCOME_EVENTS_SENT" />
    <string name="MODEL_STORE_subscriptions">[{&quot;id&quot;:&quot;ea3305a6-5744-4de1-9ab1-0ebb27df0c02&quot;,&quot;type&quot;:&quot;PUSH&quot;,&quot;optedIn&quot;:true,&quot;address&quot;:&quot;&quot;,&quot;status&quot;:&quot;FIREBASE_FCM_ERROR_IOEXCEPTION_SERVICE_NOT_AVAILABLE&quot;,&quot;sdk&quot;:&quot;050135&quot;,&quot;deviceOS&quot;:&quot;9&quot;,&quot;carrier&quot;:&quot;Verizon Wireless&quot;,&quot;appVersion&quot;:&quot;4&quot;}]</string>
    <string name="PREFS_OS_INSTALL_ID">33b28ec9-a7c6-44a6-8b73-bd183f785d9e</string>
</map>
