{"Fid":"c8ynGiZUSRGUDEC0_3zPTn","Status":3,"AuthToken":"eyJhbGciOiJFUzI1NiIsInR5cCI6IkpXVCJ9.eyJhcHBJZCI6IjE6NDg1NjE5OTk2MTUyOmFuZHJvaWQ6YjdkM2IxNDZiNGIyMTk1NGIxNzIwZCIsImV4cCI6MTc1NzQ3MzAyMCwiZmlkIjoiYzh5bkdpWlVTUkdVREVDMF8zelBUbiIsInByb2plY3ROdW1iZXIiOjQ4NTYxOTk5NjE1Mn0.AB2LPV8wRQIgd8YB-YZQbg0FVdP5uT9AOSa7IjcLZ7SdhR__rQ72pDoCIQC5nvPb86zuceAcnTEklqkeCYAiJI7hhHTWzKuOey4TjQ","RefreshToken":"3_AS3qfwIDnIEkYinqlgH5udUPtuywvnuGzGfnyp1ehJOGKgoBn81k6p49OrnVj4DhP_hh4hozf4Pmka7_tzO53e10nKfJhvBjnB0h8pZ4u1bHGVk","TokenCreationEpochInSecs":1756868220,"ExpiresInSecs":604800}