{"Fid":"cSrwzvAqRGuwY6Zx22BP_B","Status":3,"AuthToken":"eyJhbGciOiJFUzI1NiIsInR5cCI6IkpXVCJ9.eyJhcHBJZCI6IjE6NzU0Nzk1NjE0MDQyOmFuZHJvaWQ6YzY4MmI4MTQ0YThkZDUyYmMxYWQ2MyIsImV4cCI6MTc1NzQ3MzAyNCwiZmlkIjoiY1Nyd3p2QXFSR3V3WTZaeDIyQlBfQiIsInByb2plY3ROdW1iZXIiOjc1NDc5NTYxNDA0Mn0.AB2LPV8wRQIgL1NHSfgXbiw3xwEqtus1XNBqfB52l-Keiai4p2Y_M2wCIQDwsL5UbtdrafGfP4cS5cxjtWURBL5KVC3nxKU4-B9Stg","RefreshToken":"3_AS3qfwKQgLHFVfXPEE6PFsBgm0_bGgFAVHsb1lutWdKy3C66RzEhpgY70L8FH2j7TkN5ehnhP8NJC-BTbyAiN1SDT9Dr9nBpXzUvPoC8YK8V-Lo","TokenCreationEpochInSecs":1756868224,"ExpiresInSecs":604800}